Date,Company,MatchedName,Context
2026-02-16,Iv · The Randstad  Netherlands,Iv · The Randstad  Netherlands,Junior Information Engineer
2026-02-16,Centric · Gouda,Centric · Gouda,Data Engineer
2026-02-16,1Password · Netherlands (Remote),1Password · Netherlands (Remote),Junior Rust Developer
2026-02-16,ABB · Monza (Hybrid),ABB · Monza (Hybrid),Pricing System Developer
2026-02-16,IBM · Groningen (Hybrid),IBM · Groningen (Hybrid),AI Engineer Associate
2026-02-16,Dienst Uitvoering Onderwijs (DUO) · The Hague,Dienst Uitvoering Onderwijs (DUO) · The Hague,71 school alumni
2026-02-16,Gradyent · Rotterdam and The Hague (On-site),Gradyent · Rotterdam and The Hague (On-site),Python Engineer
2026-02-16,DFDS · Winterswijk,DFDS · Winterswijk,Software developer
2026-02-16,Mercor · Brabantine City Row (Remote),Mercor · Brabantine City Row (Remote),Software Engineer Level I
2026-02-16,1 connection,1 connection,$50-$150 / hour
2026-02-16,IBM · Groningen (Hybrid),IBM · Groningen (Hybrid),AI Engineer Associate
2026-02-16,Data Engineer @ Xomnia,Data Engineer @ Xomnia,Fast growing
2026-02-16,IBM · Groningen (Hybrid),IBM · Groningen (Hybrid),AI Engineer Associate
2026-02-16,Mercor · Brabantine City Row (Remote),Mercor · Brabantine City Row (Remote),Software Engineer Level I
2026-02-16,Mercor · Brabantine City Row (Remote),Mercor · Brabantine City Row (Remote),Software Engineer – AI Expert
2026-02-16,1 connection,1 connection,$50-$150 / hour
2026-02-16,Gradyent · Rotterdam and The Hague (On-site),Gradyent · Rotterdam and The Hague (On-site),Python Engineer
2026-02-16,IBM · Groningen (Hybrid),IBM · Groningen (Hybrid),AI Engineer Associate
2026-02-16,EventsIT · Arnhem (Hybrid),EventsIT · Arnhem (Hybrid),Junior Full Stack Developer New
2026-02-16,DFDS · Winterswijk,DFDS · Winterswijk,Software developer
2026-02-16,IMC Trading · Amsterdam,IMC Trading · Amsterdam,Graduate Software Engineer (2026)
2026-02-16,Engineer Data Solutions Managed Services,Engineer Data Solutions Managed Services,Actively recruiting
2026-02-16,Info Support · Veenendaal (Hybrid),Info Support · Veenendaal (Hybrid),Engineer Data Solutions Managed Services
2026-02-16,Firstsource · Netherlands (Remote),Firstsource · Netherlands (Remote),Data Specialist
2026-02-16,Eneco · Rotterdam,Eneco · Rotterdam,Marketing data scientist
2026-02-16,Info Support · Veenendaal (Hybrid),Info Support · Veenendaal (Hybrid),The Floral Connection · Aalsmeer (On-site)
2026-02-16,Mount Data · Enter (On-site),Mount Data · Enter (On-site),Data Engineer (junior/medior)
2026-02-16,Cmotions · The Randstad  Netherlands (Hybrid),Cmotions · The Randstad  Netherlands (Hybrid),Data Engineer
2026-02-16,SINCERIUS · The Randstad  Netherlands (Hybrid),SINCERIUS · The Randstad  Netherlands (Hybrid),Data Engineer
2026-02-16,IMC Trading · Amsterdam,IMC Trading · Amsterdam,Graduate Software Engineer (2026)
2026-02-16,Eneco · Rotterdam,Eneco · Rotterdam,Marketing data scientist
2026-02-16,Info Support · Veenendaal (Hybrid),Info Support · Veenendaal (Hybrid),1 school alum
2026-02-16,Info Support · Veenendaal (Hybrid),Info Support · Veenendaal (Hybrid),21 school alumni
2026-02-16,Iv · The Randstad  Netherlands,Iv · The Randstad  Netherlands,Junior Information Engineer
2026-02-16,Centric · Gouda,Centric · Gouda,Data Engineer
2026-02-16,1Password · Netherlands (Remote),1Password · Netherlands (Remote),Junior Rust Developer
2026-02-16,ABB · Monza (Hybrid),ABB · Monza (Hybrid),Pricing System Developer
2026-02-16,IBM · Groningen (Hybrid),IBM · Groningen (Hybrid),AI Engineer Associate
2026-02-16,Amaris Consulting · Eindhoven,Amaris Consulting · Eindhoven,VIE: Data Scientist [F/M/X]
2026-02-16,Dienst Uitvoering Onderwijs (DUO) · The Hague,Dienst Uitvoering Onderwijs (DUO) · The Hague,71 school alumni
2026-02-16,Gradyent · Rotterdam and The Hague (On-site),Gradyent · Rotterdam and The Hague (On-site),Python Engineer
2026-02-16,DFDS · Winterswijk,DFDS · Winterswijk,Software developer
2026-02-16,Mercor · Brabantine City Row (Remote),Mercor · Brabantine City Row (Remote),Software Engineer Level I
2026-02-16,1 connection,1 connection,$50-$150 / hour
2026-02-16,IBM · Groningen (Hybrid),IBM · Groningen (Hybrid),AI Engineer Associate
2026-02-16,Data Engineer @ Xomnia,Data Engineer @ Xomnia,Fast growing
2026-02-16,Xomnia · Amsterdam,Xomnia · Amsterdam,Data Engineer @ Xomnia
2026-02-16,IBM · Groningen (Hybrid),IBM · Groningen (Hybrid),AI Engineer Associate
2026-02-16,Mercor · Brabantine City Row (Remote),Mercor · Brabantine City Row (Remote),Software Engineer Level I
2026-02-16,Mercor · Brabantine City Row (Remote),Mercor · Brabantine City Row (Remote),Software Engineer – AI Expert
2026-02-16,1 connection,1 connection,$50-$150 / hour
2026-02-16,Gradyent · Rotterdam and The Hague (On-site),Gradyent · Rotterdam and The Hague (On-site),Python Engineer
2026-02-16,IBM · Groningen (Hybrid),IBM · Groningen (Hybrid),AI Engineer Associate
2026-02-16,EventsIT · Arnhem (Hybrid),EventsIT · Arnhem (Hybrid),Junior Full Stack Developer New
2026-02-16,DFDS · Winterswijk,DFDS · Winterswijk,Software developer
2026-02-16,Iv · The Randstad  Netherlands,Iv · The Randstad  Netherlands,Junior Information Engineer
2026-02-16,Centric · Gouda,Centric · Gouda,Data Engineer
2026-02-16,1Password · Netherlands (Remote),1Password · Netherlands (Remote),Junior Rust Developer
2026-02-16,ABB · Monza (Hybrid),ABB · Monza (Hybrid),Pricing System Developer
2026-02-16,IBM · Groningen (Hybrid),IBM · Groningen (Hybrid),AI Engineer Associate
2026-02-16,Dienst Uitvoering Onderwijs (DUO) · The Hague,Dienst Uitvoering Onderwijs (DUO) · The Hague,71 school alumni
2026-02-16,Gradyent · Rotterdam and The Hague (On-site),Gradyent · Rotterdam and The Hague (On-site),Python Engineer
2026-02-16,DFDS · Winterswijk,DFDS · Winterswijk,Software developer
2026-02-16,Mercor · Brabantine City Row (Remote),Mercor · Brabantine City Row (Remote),Software Engineer Level I
2026-02-16,1 connection,1 connection,$50-$150 / hour
2026-02-16,IBM · Groningen (Hybrid),IBM · Groningen (Hybrid),AI Engineer Associate
2026-02-16,Data Engineer @ Xomnia,Data Engineer @ Xomnia,Fast growing
2026-02-16,IBM · Groningen (Hybrid),IBM · Groningen (Hybrid),AI Engineer Associate
2026-02-16,Mercor · Brabantine City Row (Remote),Mercor · Brabantine City Row (Remote),Software Engineer Level I
2026-02-16,Mercor · Brabantine City Row (Remote),Mercor · Brabantine City Row (Remote),Software Engineer – AI Expert
2026-02-16,1 connection,1 connection,$50-$150 / hour
2026-02-16,Gradyent · Rotterdam and The Hague (On-site),Gradyent · Rotterdam and The Hague (On-site),Python Engineer
2026-02-16,IBM · Groningen (Hybrid),IBM · Groningen (Hybrid),AI Engineer Associate
2026-02-16,EventsIT · Arnhem (Hybrid),EventsIT · Arnhem (Hybrid),Junior Full Stack Developer New
2026-02-16,DFDS · Winterswijk,DFDS · Winterswijk,Software developer
2026-02-16,Articul · Netherlands (Remote),Articul · Netherlands (Remote),Actively recruiting
2026-02-16,Thales · Hengelo (Hybrid),Thales · Hengelo (Hybrid),Articul · Netherlands (Remote)
2026-02-16,ASML · Veldhoven (Hybrid),ASML · Veldhoven (Hybrid),Fast growing
2026-02-16,Thales · Hengelo (Hybrid),Thales · Hengelo (Hybrid),Actively recruiting
